INSERT INTO Client (ID, contact_person, legal_address, company_name, phone) VALUES
(1, 'Иванов Иван Иванович', 'г. Москва, ул. Ленина, д. 1', 'ООО "Ромашка"', '+79161234567'),
(2, 'Петрова Анна Сергеевна', 'г. Санкт-Петербург, пр. Невский, д. 25', 'ИП Петрова А.С.', '+78125551234'),
(3, 'Сидоров Алексей Петрович', 'г. Екатеринбург, ул. Мира, д. 10', 'ЗАО "УралСтрой"', '+73432987654'),
(4, 'Козлова Мария Владимировна', 'г. Казань, ул. Баумана, д. 5', 'ООО "Татарстан"', '+78435551212'),
(5, 'Федоров Дмитрий Олегович', 'г. Новосибирск, ул. Кирова, д. 15', 'АО "СибирьТех"', '+73832765432');

INSERT INTO Credit_History (number, bank_name, date, amount, repaid, client_id) VALUES
(101, 'Сбербанк', '2022-03-15', 500000, TRUE, 1),
(102, 'ВТБ', '2021-11-20', 1000000, TRUE, 1),
(103, 'Альфа-Банк', '2023-01-10', 300000, FALSE, 2),
(104, 'Тинькофф', '2020-05-05', 200000, TRUE, 3),
(105, 'Газпромбанк', '2022-07-30', 1500000, TRUE, 4),
(106, 'Открытие', '2023-02-28', 750000, FALSE, 5),
(107, 'Сбербанк', '2021-09-12', 600000, TRUE, 3),
(108, 'ВТБ', '2023-03-01', 400000, FALSE, 2);

INSERT INTO Credit_Contract (number, amount, repaid, start_date, end_date, debt_balance, client_id) VALUES
(1001, 1000000, FALSE, '2023-01-15', '2026-01-15', 750000, 1),
(1002, 500000, FALSE, '2023-02-01', '2025-02-01', 300000, 2),
(1003, 2000000, FALSE, '2022-06-10', '2027-06-10', 1200000, 3),
(1004, 300000, TRUE, '2021-12-01', '2023-12-01', 0, 4),
(1005, 800000, FALSE, '2023-03-01', '2025-03-01', 650000, 5),
(1006, 1500000, FALSE, '2022-09-15', '2028-09-15', 1400000, 1);

-- 4. Заполнение таблицы Credit_Product (кредитные продукты)
INSERT INTO Credit_Product (name, installment_repayment, interest_rate, max_amount, max_term, contract_number) VALUES
('Ипотека стандарт', TRUE, 8, 5000000, '2040-01-01', 1001),
('Автокредит', TRUE, 12, 3000000, '2030-01-01', 1002),
('Бизнес-кредит', FALSE, 15, 10000000, '2035-01-01', 1003),
('Потребительский кредит', TRUE, 18, 1000000, '2028-01-01', 1004),
('Рефинансирование', TRUE, 10, 5000000, '2032-01-01', 1005),
('Ипотека льготная', TRUE, 5, 8000000, '2045-01-01', 1006);

INSERT INTO Accruals (ID, repaid, amount, accrual_date, type, contract_number) VALUES
(10001, FALSE, 15000, '2023-04-01', 'проценты', 1001),
(10002, TRUE, 20000, '2023-03-01', 'основной долг', 1001),
(10003, FALSE, 8000, '2023-04-01', 'проценты', 1002),
(10004, FALSE, 25000, '2023-04-01', 'проценты', 1003),
(10005, TRUE, 50000, '2023-03-15', 'основной долг', 1003),
(10006, FALSE, 12000, '2023-04-01', 'проценты', 1005),
(10007, FALSE, 18000, '2023-04-01', 'штраф', 1005),
(10008, FALSE, 30000, '2023-04-01', 'проценты', 1006),
(10009, TRUE, 40000, '2023-03-20', 'основной долг', 1006),
(10010, FALSE, 6000, '2023-04-01', 'комиссия', 1006);

INSERT INTO Payment (ID, type, date, amount, accrual_id) VALUES
(20001, 'банковский перевод', '2023-03-05', 20000, 10002),
(20002, 'наличные', '2023-03-16', 50000, 10005),
(20003, 'банковская карта', '2023-03-22', 40000, 10009),
(20004, 'электронный платеж', '2023-04-02', 15000, 10001),
(20005, 'банковский перевод', '2023-04-03', 8000, 10003),
(20006, 'банковский перевод', '2023-04-03', 25000, 10004),
(20007, 'электронный платеж', '2023-04-05', 30000, 10008);